year,name,total_pop,total_hisc_pop,total_dominican_pop,state
2005-01-01,Alabama,4442558.0,4442558.0,178.0,01
2005-01-01,Alaska,641724.0,,,02
2005-01-01,Arizona,5829839.0,5829839.0,1989.0,04
2005-01-01,Arkansas,2701431.0,,,05
2005-01-01,California,35278768.0,35278768.0,12086.0,06
2005-01-01,Colorado,4562244.0,4562244.0,511.0,08
2005-01-01,Connecticut,3394751.0,3394751.0,14809.0,09
2005-01-01,Delaware,818587.0,818587.0,726.0,10
2005-01-01,District of Columbia,515118.0,515118.0,2689.0,11
2005-01-01,Florida,17382511.0,17382511.0,121675.0,12
2005-01-01,Georgia,8821142.0,8821142.0,4290.0,13
2005-01-01,Hawaii,1238158.0,,,15
2005-01-01,Idaho,1395634.0,,,16
2005-01-01,Illinois,12440351.0,12440351.0,4467.0,17
2005-01-01,Indiana,6093372.0,6093372.0,927.0,18
2005-01-01,Iowa,2862541.0,,,19
2005-01-01,Kansas,2662616.0,,,20
2005-01-01,Kentucky,4058633.0,4058633.0,1210.0,21
2005-01-01,Louisiana,4389747.0,4389747.0,729.0,22
2005-01-01,Maine,1283673.0,,,23
2005-01-01,Maryland,5461318.0,5461318.0,9096.0,24
2005-01-01,Massachusetts,6182860.0,6182860.0,81136.0,25
2005-01-01,Michigan,9865583.0,9865583.0,2426.0,26
2005-01-01,Minnesota,4989848.0,4989848.0,845.0,27
2005-01-01,Mississippi,2824156.0,,,28
2005-01-01,Missouri,5631910.0,5631910.0,1091.0,29
2005-01-01,Montana,910651.0,,,30
2005-01-01,Nebraska,1706976.0,,,31
2005-01-01,Nevada,2381281.0,2381281.0,782.0,32
2005-01-01,New Hampshire,1272486.0,,,33
2005-01-01,New Jersey,8521427.0,8521427.0,159118.0,34
2005-01-01,New Mexico,1887200.0,1887200.0,156.0,35
2005-01-01,New York,18655275.0,18655275.0,602285.0,36
2005-01-01,North Carolina,8411041.0,8411041.0,4597.0,37
2005-01-01,North Dakota,609645.0,,,38
2005-01-01,Ohio,11155606.0,11155606.0,4199.0,39
2005-01-01,Oklahoma,3433496.0,3433496.0,422.0,40
2005-01-01,Oregon,3560109.0,3560109.0,0.0,41
2005-01-01,Pennsylvania,11979147.0,11979147.0,29446.0,42
2005-01-01,Rhode Island,1032662.0,1032662.0,30888.0,44
2005-01-01,South Carolina,4113961.0,4113961.0,1227.0,45
2005-01-01,South Dakota,746033.0,,,46
2005-01-01,Tennessee,5810590.0,5810590.0,654.0,47
2005-01-01,Texas,22270165.0,22270165.0,10216.0,48
2005-01-01,Utah,2427350.0,2427350.0,415.0,49
2005-01-01,Vermont,602290.0,,,50
2005-01-01,Virginia,7332608.0,7332608.0,5627.0,51
2005-01-01,Washington,6146338.0,6146338.0,1120.0,53
2005-01-01,West Virginia,1771750.0,,,54
2005-01-01,Wisconsin,5375751.0,5375751.0,1015.0,55
2005-01-01,Wyoming,495226.0,,,56
2005-01-01,Puerto Rico,3865280.0,3865280.0,66117.0,72
2006-01-01,Alabama,4599030.0,4599030.0,137.0,01
2006-01-01,Alaska,670053.0,,,02
2006-01-01,Arizona,6166318.0,6166318.0,2110.0,04
2006-01-01,Arkansas,2810872.0,2810872.0,706.0,05
2006-01-01,California,36457549.0,36457549.0,5915.0,06
2006-01-01,Colorado,4753377.0,4753377.0,1648.0,08
2006-01-01,Connecticut,3504809.0,3504809.0,17213.0,09
2006-01-01,Delaware,853476.0,,,10
2006-01-01,District of Columbia,581530.0,581530.0,2482.0,11
2006-01-01,Florida,18089889.0,18089889.0,136891.0,12
2006-01-01,Georgia,9363941.0,9363941.0,8891.0,13
2006-01-01,Hawaii,1285498.0,,,15
2006-01-01,Idaho,1466465.0,,,16
2006-01-01,Illinois,12831970.0,12831970.0,4651.0,17
2006-01-01,Indiana,6313520.0,6313520.0,1217.0,18
2006-01-01,Iowa,2982085.0,2982085.0,67.0,19
2006-01-01,Kansas,2764075.0,2764075.0,116.0,20
2006-01-01,Kentucky,4206074.0,4206074.0,230.0,21
2006-01-01,Louisiana,4287768.0,4287768.0,2109.0,22
2006-01-01,Maine,1321574.0,,,23
2006-01-01,Maryland,5615727.0,5615727.0,9694.0,24
2006-01-01,Massachusetts,6437193.0,6437193.0,83700.0,25
2006-01-01,Michigan,10095643.0,10095643.0,2892.0,26
2006-01-01,Minnesota,5167101.0,5167101.0,828.0,27
2006-01-01,Mississippi,2910540.0,,,28
2006-01-01,Missouri,5842713.0,5842713.0,964.0,29
2006-01-01,Montana,944632.0,,,30
2006-01-01,Nebraska,1768331.0,1768331.0,111.0,31
2006-01-01,Nevada,2495529.0,2495529.0,2006.0,32
2006-01-01,New Hampshire,1314895.0,,,33
2006-01-01,New Jersey,8724560.0,8724560.0,167689.0,34
2006-01-01,New Mexico,1954599.0,1954599.0,864.0,35
2006-01-01,New York,19306183.0,19306183.0,659962.0,36
2006-01-01,North Carolina,8856505.0,8856505.0,7138.0,37
2006-01-01,North Dakota,635867.0,,,38
2006-01-01,Ohio,11478006.0,11478006.0,4235.0,39
2006-01-01,Oklahoma,3579212.0,3579212.0,145.0,40
2006-01-01,Oregon,3700758.0,3700758.0,226.0,41
2006-01-01,Pennsylvania,12440621.0,12440621.0,36091.0,42
2006-01-01,Rhode Island,1067610.0,1067610.0,30876.0,44
2006-01-01,South Carolina,4321249.0,4321249.0,626.0,45
2006-01-01,South Dakota,781919.0,,,46
2006-01-01,Tennessee,6038803.0,6038803.0,1872.0,47
2006-01-01,Texas,23507783.0,23507783.0,6816.0,48
2006-01-01,Utah,2550063.0,2550063.0,694.0,49
2006-01-01,Vermont,623908.0,,,50
2006-01-01,Virginia,7642884.0,7642884.0,5531.0,51
2006-01-01,Washington,6395798.0,6395798.0,285.0,53
2006-01-01,West Virginia,1818470.0,,,54
2006-01-01,Wisconsin,5556506.0,5556506.0,1813.0,55
2006-01-01,Wyoming,515004.0,,,56
2006-01-01,Puerto Rico,3927776.0,3927776.0,69854.0,72
2007-01-01,Alabama,4627851.0,4627851.0,354.0,01
2007-01-01,Alaska,683478.0,,,02
2007-01-01,Arizona,6338755.0,6338755.0,1584.0,04
2007-01-01,Arkansas,2834797.0,,,05
2007-01-01,California,36553215.0,36553215.0,12863.0,06
2007-01-01,Colorado,4861515.0,4861515.0,892.0,08
2007-01-01,Connecticut,3502309.0,3502309.0,17888.0,09
2007-01-01,Delaware,864764.0,,,10
2007-01-01,District of Columbia,588292.0,588292.0,4767.0,11
2007-01-01,Florida,18251243.0,18251243.0,141948.0,12
2007-01-01,Georgia,9544750.0,9544750.0,8341.0,13
2007-01-01,Hawaii,1283388.0,,,15
2007-01-01,Idaho,1499402.0,,,16
2007-01-01,Illinois,12852548.0,12852548.0,4391.0,17
2007-01-01,Indiana,6345289.0,6345289.0,2013.0,18
2007-01-01,Iowa,2988047.0,2988047.0,178.0,19
2007-01-01,Kansas,2775997.0,2775997.0,170.0,20
2007-01-01,Kentucky,4241474.0,4241474.0,589.0,21
2007-01-01,Louisiana,4293204.0,4293204.0,1130.0,22
2007-01-01,Maine,1317207.0,,,23
2007-01-01,Maryland,5618344.0,5618344.0,6713.0,24
2007-01-01,Massachusetts,6449755.0,6449755.0,83758.0,25
2007-01-01,Michigan,10071822.0,10071822.0,1324.0,26
2007-01-01,Minnesota,5197621.0,5197621.0,830.0,27
2007-01-01,Mississippi,2918785.0,,,28
2007-01-01,Missouri,5878415.0,5878415.0,573.0,29
2007-01-01,Montana,957861.0,,,30
2007-01-01,Nebraska,1774571.0,,,31
2007-01-01,Nevada,2565382.0,2565382.0,2754.0,32
2007-01-01,New Hampshire,1315828.0,,,33
2007-01-01,New Jersey,8685920.0,8685920.0,171001.0,34
2007-01-01,New Mexico,1969915.0,1969915.0,958.0,35
2007-01-01,New York,19297729.0,19297729.0,630742.0,36
2007-01-01,North Carolina,9061032.0,9061032.0,10254.0,37
2007-01-01,North Dakota,639715.0,,,38
2007-01-01,Ohio,11466917.0,11466917.0,1459.0,39
2007-01-01,Oklahoma,3617316.0,3617316.0,317.0,40
2007-01-01,Oregon,3747455.0,3747455.0,463.0,41
2007-01-01,Pennsylvania,12432792.0,12432792.0,35694.0,42
2007-01-01,Rhode Island,1057832.0,1057832.0,33229.0,44
2007-01-01,South Carolina,4407709.0,4407709.0,1048.0,45
2007-01-01,South Dakota,796215.0,,,46
2007-01-01,Tennessee,6156719.0,6156719.0,712.0,47
2007-01-01,Texas,23904380.0,23904380.0,10509.0,48
2007-01-01,Utah,2645330.0,2645330.0,1923.0,49
2007-01-01,Vermont,621254.0,,,50
2007-01-01,Virginia,7712091.0,7712091.0,6868.0,51
2007-01-01,Washington,6468424.0,6468424.0,1743.0,53
2007-01-01,West Virginia,1812035.0,,,54
2007-01-01,Wisconsin,5601640.0,5601640.0,876.0,55
2007-01-01,Wyoming,522830.0,,,56
2007-01-01,Puerto Rico,3942375.0,3942375.0,64922.0,72
2008-01-01,Alabama,4661900.0,4661900.0,943.0,01
2008-01-01,Alaska,686293.0,,,02
2008-01-01,Arizona,6500180.0,6500180.0,2783.0,04
2008-01-01,Arkansas,2855390.0,,,05
2008-01-01,California,36756666.0,36756666.0,8369.0,06
2008-01-01,Colorado,4939456.0,4939456.0,2521.0,08
2008-01-01,Connecticut,3501252.0,3501252.0,21842.0,09
2008-01-01,Delaware,873092.0,,,10
2008-01-01,District of Columbia,591833.0,591833.0,2649.0,11
2008-01-01,Florida,18328340.0,18328340.0,153354.0,12
2008-01-01,Georgia,9685744.0,9685744.0,16356.0,13
2008-01-01,Hawaii,1288198.0,1288198.0,520.0,15
2008-01-01,Idaho,1523816.0,1523816.0,177.0,16
2008-01-01,Illinois,12901564.0,12901564.0,6036.0,17
2008-01-01,Indiana,6376792.0,6376792.0,1493.0,18
2008-01-01,Iowa,3002557.0,3002557.0,96.0,19
2008-01-01,Kansas,2802134.0,2802134.0,76.0,20
2008-01-01,Kentucky,4269245.0,4269245.0,511.0,21
2008-01-01,Louisiana,4410796.0,4410796.0,2568.0,22
2008-01-01,Maine,1316456.0,,,23
2008-01-01,Maryland,5633597.0,5633597.0,12798.0,24
2008-01-01,Massachusetts,6497967.0,6497967.0,96577.0,25
2008-01-01,Michigan,10003422.0,10003422.0,3307.0,26
2008-01-01,Minnesota,5220393.0,5220393.0,314.0,27
2008-01-01,Mississippi,2938618.0,2938618.0,543.0,28
2008-01-01,Missouri,5911605.0,5911605.0,726.0,29
2008-01-01,Montana,967440.0,,,30
2008-01-01,Nebraska,1783432.0,1783432.0,202.0,31
2008-01-01,Nevada,2600167.0,2600167.0,3522.0,32
2008-01-01,New Hampshire,1315809.0,1315809.0,3006.0,33
2008-01-01,New Jersey,8682661.0,8682661.0,176994.0,34
2008-01-01,New Mexico,1984356.0,1984356.0,171.0,35
2008-01-01,New York,19490297.0,19490297.0,678881.0,36
2008-01-01,North Carolina,9222414.0,9222414.0,12693.0,37
2008-01-01,North Dakota,641481.0,,,38
2008-01-01,Ohio,11485910.0,11485910.0,5593.0,39
2008-01-01,Oklahoma,3642361.0,3642361.0,723.0,40
2008-01-01,Oregon,3790060.0,3790060.0,597.0,41
2008-01-01,Pennsylvania,12448279.0,12448279.0,47653.0,42
2008-01-01,Rhode Island,1050788.0,1050788.0,30360.0,44
2008-01-01,South Carolina,4479800.0,4479800.0,1556.0,45
2008-01-01,South Dakota,804194.0,,,46
2008-01-01,Tennessee,6214888.0,6214888.0,464.0,47
2008-01-01,Texas,24326974.0,24326974.0,14235.0,48
2008-01-01,Utah,2736424.0,2736424.0,1012.0,49
2008-01-01,Vermont,621270.0,,,50
2008-01-01,Virginia,7769089.0,7769089.0,9433.0,51
2008-01-01,Washington,6549224.0,6549224.0,840.0,53
2008-01-01,West Virginia,1814468.0,,,54
2008-01-01,Wisconsin,5627968.0,5627968.0,939.0,55
2008-01-01,Wyoming,532668.0,,,56
2008-01-01,Puerto Rico,3954037.0,3954037.0,72157.0,72
2009-01-01,Alabama,4708708.0,4708708.0,616.0,01
2009-01-01,Alaska,698473.0,698473.0,3351.0,02
2009-01-01,Arizona,6595778.0,6595778.0,3980.0,04
2009-01-01,Arkansas,2889450.0,2889450.0,537.0,05
2009-01-01,California,36961664.0,36961664.0,10327.0,06
2009-01-01,Colorado,5024748.0,5024748.0,737.0,08
2009-01-01,Connecticut,3518288.0,3518288.0,27686.0,09
2009-01-01,Delaware,885122.0,,,10
2009-01-01,District of Columbia,599657.0,599657.0,1161.0,11
2009-01-01,Florida,18537969.0,18537969.0,160683.0,12
2009-01-01,Georgia,9829211.0,9829211.0,15949.0,13
2009-01-01,Hawaii,1295178.0,,,15
2009-01-01,Idaho,1545801.0,1545801.0,126.0,16
2009-01-01,Illinois,12910409.0,12910409.0,7546.0,17
2009-01-01,Indiana,6423113.0,6423113.0,2188.0,18
2009-01-01,Iowa,3007857.0,3007857.0,735.0,19
2009-01-01,Kansas,2818747.0,2818747.0,202.0,20
2009-01-01,Kentucky,4314113.0,4314113.0,184.0,21
2009-01-01,Louisiana,4492076.0,4492076.0,2757.0,22
2009-01-01,Maine,1318301.0,,,23
2009-01-01,Maryland,5699478.0,5699478.0,11256.0,24
2009-01-01,Massachusetts,6593587.0,6593587.0,105610.0,25
2009-01-01,Michigan,9969727.0,9969727.0,2689.0,26
2009-01-01,Minnesota,5266215.0,5266215.0,720.0,27
2009-01-01,Mississippi,2951996.0,2951996.0,719.0,28
2009-01-01,Missouri,5987580.0,5987580.0,1772.0,29
2009-01-01,Montana,974989.0,,,30
2009-01-01,Nebraska,1796622.0,,,31
2009-01-01,Nevada,2643085.0,2643085.0,2634.0,32
2009-01-01,New Hampshire,1324575.0,,,33
2009-01-01,New Jersey,8707740.0,8707740.0,168229.0,34
2009-01-01,New Mexico,2009671.0,2009671.0,971.0,35
2009-01-01,New York,19541453.0,19541453.0,672145.0,36
2009-01-01,North Carolina,9380884.0,9380884.0,12961.0,37
2009-01-01,North Dakota,646844.0,,,38
2009-01-01,Ohio,11542645.0,11542645.0,4977.0,39
2009-01-01,Oklahoma,3687050.0,3687050.0,611.0,40
2009-01-01,Oregon,3825657.0,3825657.0,819.0,41
2009-01-01,Pennsylvania,12604767.0,12604767.0,55440.0,42
2009-01-01,Rhode Island,1053209.0,1053209.0,41368.0,44
2009-01-01,South Carolina,4561242.0,4561242.0,1236.0,45
2009-01-01,South Dakota,812383.0,,,46
2009-01-01,Tennessee,6296254.0,6296254.0,2028.0,47
2009-01-01,Texas,24782302.0,24782302.0,12807.0,48
2009-01-01,Utah,2784572.0,2784572.0,672.0,49
2009-01-01,Vermont,621760.0,,,50
2009-01-01,Virginia,7882590.0,7882590.0,8311.0,51
2009-01-01,Washington,6664195.0,6664195.0,1353.0,53
2009-01-01,West Virginia,1819777.0,,,54
2009-01-01,Wisconsin,5654774.0,5654774.0,1136.0,55
2009-01-01,Wyoming,544270.0,,,56
2009-01-01,Puerto Rico,3967288.0,3967288.0,68370.0,72
2010-01-01,Alabama,4785298.0,4785298.0,600.0,01
2010-01-01,Alaska,713985.0,,,02
2010-01-01,Arizona,6413737.0,6413737.0,2693.0,04
2010-01-01,Arkansas,2921606.0,2921606.0,153.0,05
2010-01-01,California,37349363.0,37349363.0,11079.0,06
2010-01-01,Colorado,5049071.0,5049071.0,1869.0,08
2010-01-01,Connecticut,3577073.0,3577073.0,28242.0,09
2010-01-01,Delaware,899769.0,899769.0,1452.0,10
2010-01-01,District of Columbia,604453.0,604453.0,2649.0,11
2010-01-01,Florida,18843326.0,18843326.0,174276.0,12
2010-01-01,Georgia,9712587.0,9712587.0,20824.0,13
2010-01-01,Hawaii,1363621.0,1363621.0,326.0,15
2010-01-01,Idaho,1571450.0,1571450.0,796.0,16
2010-01-01,Illinois,12843166.0,12843166.0,5311.0,17
2010-01-01,Indiana,6490621.0,6490621.0,3172.0,18
2010-01-01,Iowa,3049883.0,3049883.0,439.0,19
2010-01-01,Kansas,2859169.0,2859169.0,1025.0,20
2010-01-01,Kentucky,4346266.0,4346266.0,1435.0,21
2010-01-01,Louisiana,4544228.0,4544228.0,2311.0,22
2010-01-01,Maine,1327567.0,,,23
2010-01-01,Maryland,5785982.0,5785982.0,13844.0,24
2010-01-01,Massachusetts,6557254.0,6557254.0,118656.0,25
2010-01-01,Michigan,9877574.0,9877574.0,4009.0,26
2010-01-01,Minnesota,5310584.0,5310584.0,1590.0,27
2010-01-01,Mississippi,2970036.0,2970036.0,426.0,28
2010-01-01,Missouri,5996231.0,5996231.0,1722.0,29
2010-01-01,Montana,990898.0,,,30
2010-01-01,Nebraska,1830429.0,1830429.0,918.0,31
2010-01-01,Nevada,2704642.0,2704642.0,1815.0,32
2010-01-01,New Hampshire,1316759.0,,,33
2010-01-01,New Jersey,8801624.0,8801624.0,204699.0,34
2010-01-01,New Mexico,2065932.0,2065932.0,249.0,35
2010-01-01,New York,19392283.0,19392283.0,725123.0,36
2010-01-01,North Carolina,9561558.0,9561558.0,15013.0,37
2010-01-01,North Dakota,674499.0,,,38
2010-01-01,Ohio,11536182.0,11536182.0,8179.0,39
2010-01-01,Oklahoma,3761702.0,3761702.0,780.0,40
2010-01-01,Oregon,3838957.0,3838957.0,1166.0,41
2010-01-01,Pennsylvania,12709630.0,12709630.0,66345.0,42
2010-01-01,Rhode Island,1052886.0,1052886.0,45277.0,44
2010-01-01,South Carolina,4636312.0,4636312.0,2091.0,45
2010-01-01,South Dakota,816463.0,,,46
2010-01-01,Tennessee,6356897.0,6356897.0,3149.0,47
2010-01-01,Texas,25257114.0,25257114.0,13038.0,48
2010-01-01,Utah,2776469.0,2776469.0,950.0,49
2010-01-01,Vermont,625960.0,,,50
2010-01-01,Virginia,8024617.0,8024617.0,10033.0,51
2010-01-01,Washington,6744496.0,6744496.0,1289.0,53
2010-01-01,West Virginia,1853973.0,,,54
2010-01-01,Wisconsin,5691047.0,5691047.0,2414.0,55
2010-01-01,Wyoming,564460.0,,,56
2010-01-01,Puerto Rico,3722133.0,3722133.0,69305.0,72
2011-01-01,Alabama,4802740.0,4802740.0,1100.0,01
2011-01-01,Alaska,722718.0,,,02
2011-01-01,Arizona,6482505.0,6482505.0,2757.0,04
2011-01-01,Arkansas,2937979.0,2937979.0,325.0,05
2011-01-01,California,37691912.0,37691912.0,14286.0,06
2011-01-01,Colorado,5116796.0,5116796.0,2600.0,08
2011-01-01,Connecticut,3580709.0,3580709.0,23466.0,09
2011-01-01,Delaware,907135.0,907135.0,1626.0,10
2011-01-01,District of Columbia,617996.0,617996.0,2529.0,11
2011-01-01,Florida,19057542.0,19057542.0,178010.0,12
2011-01-01,Georgia,9815210.0,9815210.0,12479.0,13
2011-01-01,Hawaii,1374810.0,1374810.0,844.0,15
2011-01-01,Idaho,1584985.0,,,16
2011-01-01,Illinois,12869259.0,12869259.0,9599.0,17
2011-01-01,Indiana,6516922.0,6516922.0,2344.0,18
2011-01-01,Iowa,3062309.0,3062309.0,165.0,19
2011-01-01,Kansas,2871238.0,2871238.0,719.0,20
2011-01-01,Kentucky,4369356.0,4369356.0,1335.0,21
2011-01-01,Louisiana,4574836.0,4574836.0,6145.0,22
2011-01-01,Maine,1328188.0,,,23
2011-01-01,Maryland,5828289.0,5828289.0,16964.0,24
2011-01-01,Massachusetts,6587536.0,6587536.0,115741.0,25
2011-01-01,Michigan,9876187.0,9876187.0,4774.0,26
2011-01-01,Minnesota,5344861.0,5344861.0,1675.0,27
2011-01-01,Mississippi,2978512.0,,,28
2011-01-01,Missouri,6010688.0,6010688.0,2148.0,29
2011-01-01,Montana,998199.0,,,30
2011-01-01,Nebraska,1842641.0,1842641.0,499.0,31
2011-01-01,Nevada,2723322.0,2723322.0,1409.0,32
2011-01-01,New Hampshire,1318194.0,1318194.0,2014.0,33
2011-01-01,New Jersey,8821155.0,8821155.0,221623.0,34
2011-01-01,New Mexico,2082224.0,2082224.0,443.0,35
2011-01-01,New York,19465197.0,19465197.0,743644.0,36
2011-01-01,North Carolina,9656401.0,9656401.0,21734.0,37
2011-01-01,North Dakota,683932.0,,,38
2011-01-01,Ohio,11544951.0,11544951.0,8502.0,39
2011-01-01,Oklahoma,3791508.0,3791508.0,376.0,40
2011-01-01,Oregon,3871859.0,3871859.0,1738.0,41
2011-01-01,Pennsylvania,12742886.0,12742886.0,70506.0,42
2011-01-01,Rhode Island,1051302.0,1051302.0,37147.0,44
2011-01-01,South Carolina,4679230.0,4679230.0,2798.0,45
2011-01-01,South Dakota,824082.0,,,46
2011-01-01,Tennessee,6403353.0,6403353.0,2182.0,47
2011-01-01,Texas,25674681.0,25674681.0,14195.0,48
2011-01-01,Utah,2817222.0,2817222.0,2308.0,49
2011-01-01,Vermont,626431.0,,,50
2011-01-01,Virginia,8096604.0,8096604.0,12487.0,51
2011-01-01,Washington,6830038.0,6830038.0,2382.0,53
2011-01-01,West Virginia,1855364.0,,,54
2011-01-01,Wisconsin,5711767.0,5711767.0,1896.0,55
2011-01-01,Wyoming,568158.0,,,56
2011-01-01,Puerto Rico,3706690.0,3706690.0,71244.0,72
2012-01-01,California,38041430.0,38041430.0,18626.0,06
2012-01-01,Colorado,5187582.0,5187582.0,2639.0,08
2012-01-01,Connecticut,3590347.0,3590347.0,34754.0,09
2012-01-01,Delaware,917092.0,917092.0,2661.0,10
2012-01-01,District of Columbia,632323.0,632323.0,3681.0,11
2012-01-01,Florida,19317568.0,19317568.0,210068.0,12
2012-01-01,Georgia,9919945.0,9919945.0,18671.0,13
2012-01-01,Hawaii,1392313.0,1392313.0,1432.0,15
2012-01-01,Idaho,1595728.0,1595728.0,203.0,16
2012-01-01,Illinois,12875255.0,12875255.0,5515.0,17
2012-01-01,Indiana,6537334.0,6537334.0,3073.0,18
2012-01-01,Iowa,3074186.0,3074186.0,377.0,19
2012-01-01,Kansas,2885905.0,2885905.0,627.0,20
2012-01-01,Kentucky,4380415.0,4380415.0,2320.0,21
2012-01-01,Louisiana,4601893.0,4601893.0,6193.0,22
2012-01-01,Maine,1329192.0,,,23
2012-01-01,Maryland,5884563.0,5884563.0,18997.0,24
2012-01-01,Massachusetts,6646144.0,6646144.0,121552.0,25
2012-01-01,Michigan,9883360.0,9883360.0,5874.0,26
2012-01-01,Minnesota,5379139.0,5379139.0,2190.0,27
2012-01-01,Mississippi,2984926.0,2984926.0,665.0,28
2012-01-01,Missouri,6021988.0,6021988.0,1426.0,29
2012-01-01,Montana,1005141.0,,,30
2012-01-01,Nebraska,1855525.0,1855525.0,502.0,31
2012-01-01,Nevada,2758931.0,2758931.0,2380.0,32
2012-01-01,New Hampshire,1320718.0,1320718.0,2693.0,33
2012-01-01,New Jersey,8864590.0,8864590.0,233065.0,34
2012-01-01,New Mexico,2085538.0,2085538.0,1128.0,35
2012-01-01,New York,19570261.0,19570261.0,764454.0,36
2012-01-01,North Carolina,9752073.0,9752073.0,15157.0,37
2012-01-01,North Dakota,699628.0,,,38
2012-01-01,Ohio,11544225.0,11544225.0,9715.0,39
2012-01-01,Oklahoma,3814820.0,3814820.0,1157.0,40
2012-01-01,Oregon,3899353.0,3899353.0,791.0,41
2012-01-01,Pennsylvania,12763536.0,12763536.0,73739.0,42
2012-01-01,Rhode Island,1050292.0,1050292.0,37481.0,44
2012-01-01,South Carolina,4723723.0,4723723.0,5891.0,45
2012-01-01,South Dakota,833354.0,,,46
2012-01-01,Tennessee,6456243.0,6456243.0,2769.0,47
2012-01-01,Texas,26059203.0,26059203.0,14925.0,48
2012-01-01,Utah,2855287.0,2855287.0,2025.0,49
2012-01-01,Vermont,626011.0,,,50
2012-01-01,Virginia,8185867.0,8185867.0,14942.0,51
2012-01-01,Washington,6897012.0,6897012.0,2870.0,53
2012-01-01,West Virginia,1855413.0,,,54
2012-01-01,Wisconsin,5726398.0,5726398.0,3001.0,55
2012-01-01,Wyoming,576412.0,,,56
2012-01-01,Puerto Rico,3667084.0,3667084.0,65815.0,72
2012-01-01,Alabama,4822023.0,4822023.0,963.0,01
2012-01-01,Alaska,731449.0,731449.0,1990.0,02
2012-01-01,Arizona,6553255.0,6553255.0,1968.0,04
2012-01-01,Arkansas,2949131.0,,,05
2013-01-01,Alabama,4833722.0,4833722.0,238.0,01
2013-01-01,Alaska,735132.0,735132.0,701.0,02
2013-01-01,Arizona,6626624.0,6626624.0,3224.0,04
2013-01-01,Arkansas,2959373.0,2959373.0,182.0,05
2013-01-01,California,38332521.0,38332521.0,16458.0,06
2013-01-01,Colorado,5268367.0,5268367.0,2275.0,08
2013-01-01,Connecticut,3596080.0,3596080.0,36699.0,09
2013-01-01,Delaware,925749.0,925749.0,1906.0,10
2013-01-01,District of Columbia,646449.0,646449.0,3942.0,11
2013-01-01,Florida,19552860.0,19552860.0,198197.0,12
2013-01-01,Georgia,9992167.0,9992167.0,23237.0,13
2013-01-01,Hawaii,1404054.0,1404054.0,907.0,15
2013-01-01,Idaho,1612136.0,,,16
2013-01-01,Illinois,12882135.0,12882135.0,7771.0,17
2013-01-01,Indiana,6570902.0,6570902.0,2694.0,18
2013-01-01,Iowa,3090416.0,3090416.0,1014.0,19
2013-01-01,Kansas,2893957.0,2893957.0,766.0,20
2013-01-01,Kentucky,4395295.0,4395295.0,1458.0,21
2013-01-01,Louisiana,4625470.0,4625470.0,4997.0,22
2013-01-01,Maine,1328302.0,,,23
2013-01-01,Maryland,5928814.0,5928814.0,21352.0,24
2013-01-01,Massachusetts,6692824.0,6692824.0,151504.0,25
2013-01-01,Michigan,9895622.0,9895622.0,5470.0,26
2013-01-01,Minnesota,5420380.0,5420380.0,1162.0,27
2013-01-01,Mississippi,2991207.0,2991207.0,1080.0,28
2013-01-01,Missouri,6044171.0,6044171.0,2811.0,29
2013-01-01,Montana,1015165.0,,,30
2013-01-01,Nebraska,1868516.0,1868516.0,496.0,31
2013-01-01,Nevada,2790136.0,2790136.0,5505.0,32
2013-01-01,New Hampshire,1323459.0,1323459.0,6228.0,33
2013-01-01,New Jersey,8899339.0,8899339.0,240871.0,34
2013-01-01,New Mexico,2085287.0,2085287.0,572.0,35
2013-01-01,New York,19651127.0,19651127.0,827586.0,36
2013-01-01,North Carolina,9848060.0,9848060.0,13873.0,37
2013-01-01,North Dakota,723393.0,,,38
2013-01-01,Ohio,11570808.0,11570808.0,5585.0,39
2013-01-01,Oklahoma,3850568.0,3850568.0,681.0,40
2013-01-01,Oregon,3930065.0,3930065.0,803.0,41
2013-01-01,Pennsylvania,12773801.0,12773801.0,80514.0,42
2013-01-01,Rhode Island,1051511.0,1051511.0,46266.0,44
2013-01-01,South Carolina,4774839.0,4774839.0,6088.0,45
2013-01-01,South Dakota,844877.0,,,46
2013-01-01,Tennessee,6495978.0,6495978.0,1726.0,47
2013-01-01,Texas,26448193.0,26448193.0,12914.0,48
2013-01-01,Utah,2900872.0,2900872.0,3148.0,49
2013-01-01,Vermont,626630.0,,,50
2013-01-01,Virginia,8260405.0,8260405.0,9262.0,51
2013-01-01,Washington,6971406.0,6971406.0,2298.0,53
2013-01-01,West Virginia,1854304.0,1854304.0,349.0,54
2013-01-01,Wisconsin,5742713.0,5742713.0,2051.0,55
2013-01-01,Wyoming,582658.0,,,56
2013-01-01,Puerto Rico,3615086.0,3615086.0,63096.0,72
2014-01-01,Alabama,4849377.0,4849377.0,1198.0,01
2014-01-01,Alaska,736732.0,736732.0,2360.0,02
2014-01-01,Arizona,6731484.0,6731484.0,3341.0,04
2014-01-01,Arkansas,2966369.0,2966369.0,366.0,05
2014-01-01,California,38802500.0,38802500.0,15157.0,06
2014-01-01,Colorado,5355866.0,5355866.0,1638.0,08
2014-01-01,Connecticut,3596677.0,3596677.0,30408.0,09
2014-01-01,Delaware,935614.0,935614.0,2274.0,10
2014-01-01,District of Columbia,658893.0,658893.0,1948.0,11
2014-01-01,Florida,19893297.0,19893297.0,216202.0,12
2014-01-01,Georgia,10097343.0,10097343.0,19014.0,13
2014-01-01,Hawaii,1419561.0,1419561.0,750.0,15
2014-01-01,Idaho,1634464.0,,,16
2014-01-01,Illinois,12880580.0,12880580.0,6052.0,17
2014-01-01,Indiana,6596855.0,6596855.0,2999.0,18
2014-01-01,Iowa,3107126.0,3107126.0,211.0,19
2014-01-01,Kansas,2904021.0,2904021.0,1732.0,20
2014-01-01,Kentucky,4413457.0,4413457.0,1862.0,21
2014-01-01,Louisiana,4649676.0,4649676.0,4171.0,22
2014-01-01,Maine,1330089.0,1330089.0,1025.0,23
2014-01-01,Maryland,5976407.0,5976407.0,20155.0,24
2014-01-01,Massachusetts,6745408.0,6745408.0,133321.0,25
2014-01-01,Michigan,9909877.0,9909877.0,5878.0,26
2014-01-01,Minnesota,5457173.0,5457173.0,2665.0,27
2014-01-01,Mississippi,2994079.0,2994079.0,1170.0,28
2014-01-01,Missouri,6063589.0,6063589.0,2775.0,29
2014-01-01,Montana,1023579.0,,,30
2014-01-01,Nebraska,1881503.0,1881503.0,416.0,31
2014-01-01,Nevada,2839099.0,2839099.0,3425.0,32
2014-01-01,New Hampshire,1326813.0,1326813.0,6023.0,33
2014-01-01,New Jersey,8938175.0,8938175.0,255013.0,34
2014-01-01,New Mexico,2085572.0,2085572.0,968.0,35
2014-01-01,New York,19746227.0,19746227.0,806078.0,36
2014-01-01,North Carolina,9943964.0,9943964.0,17977.0,37
2014-01-01,North Dakota,739482.0,,,38
2014-01-01,Ohio,11594163.0,11594163.0,10591.0,39
2014-01-01,Oklahoma,3878051.0,3878051.0,1188.0,40
2014-01-01,Oregon,3970239.0,3970239.0,474.0,41
2014-01-01,Pennsylvania,12787209.0,12787209.0,83820.0,42
2014-01-01,Rhode Island,1055173.0,1055173.0,46422.0,44
2014-01-01,South Carolina,4832482.0,4832482.0,3985.0,45
2014-01-01,South Dakota,853175.0,,,46
2014-01-01,Tennessee,6549352.0,6549352.0,3581.0,47
2014-01-01,Texas,26956958.0,26956958.0,21482.0,48
2014-01-01,Utah,2942902.0,2942902.0,1626.0,49
2014-01-01,Vermont,626562.0,,,50
2014-01-01,Virginia,8326289.0,8326289.0,13372.0,51
2014-01-01,Washington,7061530.0,7061530.0,2821.0,53
2014-01-01,West Virginia,1850326.0,1850326.0,464.0,54
2014-01-01,Wisconsin,5757564.0,5757564.0,1263.0,55
2014-01-01,Wyoming,584153.0,,,56
2014-01-01,Puerto Rico,3548397.0,3548397.0,58291.0,72
2015-01-01,Alabama,4858979.0,4858979.0,1902.0,01
2015-01-01,Alaska,738432.0,,,02
2015-01-01,Arizona,6828065.0,6828065.0,6247.0,04
2015-01-01,Arkansas,2978204.0,2978204.0,1744.0,05
2015-01-01,California,39144818.0,39144818.0,16098.0,06
2015-01-01,Colorado,5456574.0,5456574.0,3068.0,08
2015-01-01,Connecticut,3590886.0,3590886.0,38047.0,09
2015-01-01,Delaware,945934.0,945934.0,4443.0,10
2015-01-01,District of Columbia,672228.0,672228.0,2354.0,11
2015-01-01,Florida,20271272.0,20271272.0,207193.0,12
2015-01-01,Georgia,10214860.0,10214860.0,24102.0,13
2015-01-01,Hawaii,1431603.0,1431603.0,1554.0,15
2015-01-01,Idaho,1654930.0,1654930.0,48.0,16
2015-01-01,Illinois,12859995.0,12859995.0,7068.0,17
2015-01-01,Indiana,6619680.0,6619680.0,3717.0,18
2015-01-01,Iowa,3123899.0,3123899.0,401.0,19
2015-01-01,Kansas,2911641.0,2911641.0,840.0,20
2015-01-01,Kentucky,4425092.0,4425092.0,1262.0,21
2015-01-01,Louisiana,4670724.0,4670724.0,5627.0,22
2015-01-01,Maine,1329328.0,,,23
2015-01-01,Maryland,6006401.0,6006401.0,14956.0,24
2015-01-01,Massachusetts,6794422.0,6794422.0,132864.0,25
2015-01-01,Michigan,9922576.0,9922576.0,7855.0,26
2015-01-01,Minnesota,5489594.0,5489594.0,1511.0,27
2015-01-01,Mississippi,2992333.0,2992333.0,847.0,28
2015-01-01,Missouri,6083672.0,6083672.0,1579.0,29
2015-01-01,Montana,1032949.0,,,30
2015-01-01,Nebraska,1896190.0,1896190.0,448.0,31
2015-01-01,Nevada,2890845.0,2890845.0,3242.0,32
2015-01-01,New Hampshire,1330608.0,1330608.0,6001.0,33
2015-01-01,New Jersey,8958013.0,8958013.0,276707.0,34
2015-01-01,New Mexico,2085109.0,2085109.0,2578.0,35
2015-01-01,New York,19795791.0,19795791.0,868173.0,36
2015-01-01,North Carolina,10042802.0,10042802.0,19884.0,37
2015-01-01,North Dakota,756928.0,,,38
2015-01-01,Ohio,11613423.0,11613423.0,8531.0,39
2015-01-01,Oklahoma,3911338.0,3911338.0,392.0,40
2015-01-01,Oregon,4028977.0,4028977.0,705.0,41
2015-01-01,Pennsylvania,12802503.0,12802503.0,96909.0,42
2015-01-01,Rhode Island,1056298.0,1056298.0,50274.0,44
2015-01-01,South Carolina,4896146.0,4896146.0,4582.0,45
2015-01-01,South Dakota,858469.0,,,46
2015-01-01,Tennessee,6600299.0,6600299.0,2637.0,47
2015-01-01,Texas,27469114.0,27469114.0,18868.0,48
2015-01-01,Utah,2995919.0,2995919.0,3164.0,49
2015-01-01,Vermont,626042.0,,,50
2015-01-01,Virginia,8382993.0,8382993.0,14476.0,51
2015-01-01,Washington,7170351.0,7170351.0,3449.0,53
2015-01-01,West Virginia,1844128.0,1844128.0,232.0,54
2015-01-01,Wisconsin,5771337.0,5771337.0,1980.0,55
2015-01-01,Wyoming,586107.0,,,56
2015-01-01,Puerto Rico,3474182.0,3474182.0,62452.0,72
2016-01-01,Florida,20612439.0,20612439.0,221070.0,12
2016-01-01,Georgia,10310371.0,10310371.0,23223.0,13
2016-01-01,Hawaii,1428557.0,1428557.0,1065.0,15
2016-01-01,Idaho,1683140.0,1683140.0,1006.0,16
2016-01-01,Illinois,12801539.0,12801539.0,5779.0,17
2016-01-01,Indiana,6633053.0,6633053.0,3337.0,18
2016-01-01,Iowa,3134693.0,3134693.0,612.0,19
2016-01-01,Kansas,2907289.0,2907289.0,770.0,20
2016-01-01,Kentucky,4436974.0,4436974.0,1015.0,21
2016-01-01,Louisiana,4681666.0,4681666.0,3625.0,22
2016-01-01,Maine,1331479.0,1331479.0,1843.0,23
2016-01-01,Maryland,6016447.0,6016447.0,20906.0,24
2016-01-01,Massachusetts,6811779.0,6811779.0,146038.0,25
2016-01-01,Michigan,9928300.0,9928300.0,4325.0,26
2016-01-01,Minnesota,5519952.0,5519952.0,4237.0,27
2016-01-01,Mississippi,2988726.0,2988726.0,1772.0,28
2016-01-01,Missouri,6093000.0,6093000.0,1982.0,29
2016-01-01,Montana,1042520.0,,,30
2016-01-01,Nebraska,1907116.0,1907116.0,890.0,31
2016-01-01,Nevada,2940058.0,2940058.0,4313.0,32
2016-01-01,New Hampshire,1334795.0,1334795.0,5809.0,33
2016-01-01,New Jersey,8944469.0,8944469.0,271169.0,34
2016-01-01,New Mexico,2081015.0,2081015.0,1345.0,35
2016-01-01,New York,19745289.0,19745289.0,871525.0,36
2016-01-01,North Carolina,10146788.0,10146788.0,21838.0,37
2016-01-01,North Dakota,757953.0,,,38
2016-01-01,Ohio,11614373.0,11614373.0,9101.0,39
2016-01-01,Oklahoma,3923561.0,3923561.0,1205.0,40
2016-01-01,Oregon,4093465.0,4093465.0,466.0,41
2016-01-01,Pennsylvania,12784227.0,12784227.0,103331.0,42
2016-01-01,Rhode Island,1056426.0,1056426.0,52771.0,44
2016-01-01,South Carolina,4961119.0,4961119.0,4202.0,45
2016-01-01,South Dakota,865454.0,,,46
2016-01-01,Tennessee,6651194.0,6651194.0,4320.0,47
2016-01-01,Texas,27862596.0,27862596.0,17507.0,48
2016-01-01,Utah,3051217.0,3051217.0,2153.0,49
2016-01-01,Vermont,624594.0,,,50
2016-01-01,Virginia,8411808.0,8411808.0,15845.0,51
2016-01-01,Washington,7288000.0,7288000.0,2371.0,53
2016-01-01,West Virginia,1831102.0,,,54
2016-01-01,Wisconsin,5778709.0,5778709.0,2296.0,55
2016-01-01,Wyoming,585501.0,,,56
2016-01-01,Puerto Rico,3411307.0,3411307.0,58751.0,72
2016-01-01,Alabama,4863300.0,4863300.0,837.0,01
2016-01-01,Alaska,741894.0,,,02
2016-01-01,Arizona,6931071.0,6931071.0,5345.0,04
2016-01-01,Arkansas,2988248.0,2988248.0,329.0,05
2016-01-01,California,39250017.0,39250017.0,14778.0,06
2016-01-01,Colorado,5540545.0,5540545.0,2634.0,08
2016-01-01,Connecticut,3576452.0,3576452.0,41917.0,09
2016-01-01,Delaware,952065.0,952065.0,3760.0,10
2016-01-01,District of Columbia,681170.0,681170.0,4112.0,11
2017-01-01,Alabama,4874747.0,4874747.0,1327.0,01
2017-01-01,Alaska,739795.0,,,02
2017-01-01,Arizona,7016270.0,7016270.0,5936.0,04
2017-01-01,Arkansas,3004279.0,3004279.0,153.0,05
2017-01-01,California,39536653.0,39536653.0,18381.0,06
2017-01-01,Colorado,5607154.0,5607154.0,4870.0,08
2017-01-01,Connecticut,3588184.0,3588184.0,40343.0,09
2017-01-01,Delaware,961939.0,961939.0,3672.0,10
2017-01-01,District of Columbia,693972.0,693972.0,3744.0,11
2017-01-01,Florida,20984400.0,20984400.0,259779.0,12
2017-01-01,Georgia,10429379.0,10429379.0,31014.0,13
2017-01-01,Hawaii,1427538.0,1427538.0,1843.0,15
2017-01-01,Idaho,1716943.0,,,16
2017-01-01,Illinois,12802023.0,12802023.0,9911.0,17
2017-01-01,Indiana,6666818.0,6666818.0,3443.0,18
2017-01-01,Iowa,3145711.0,3145711.0,649.0,19
2017-01-01,Kansas,2913123.0,2913123.0,1683.0,20
2017-01-01,Kentucky,4454189.0,4454189.0,856.0,21
2017-01-01,Louisiana,4684333.0,4684333.0,6662.0,22
2017-01-01,Maine,1335907.0,,,23
2017-01-01,Maryland,6052177.0,6052177.0,24969.0,24
2017-01-01,Massachusetts,6859819.0,6859819.0,172577.0,25
2017-01-01,Michigan,9962311.0,9962311.0,7870.0,26
2017-01-01,Minnesota,5576606.0,5576606.0,2767.0,27
2017-01-01,Mississippi,2984100.0,2984100.0,2904.0,28
2017-01-01,Missouri,6113532.0,6113532.0,2520.0,29
2017-01-01,Montana,1050493.0,,,30
2017-01-01,Nebraska,1920076.0,1920076.0,210.0,31
2017-01-01,Nevada,2998039.0,2998039.0,4805.0,32
2017-01-01,New Hampshire,1342795.0,1342795.0,8223.0,33
2017-01-01,New Jersey,9005644.0,9005644.0,301655.0,34
2017-01-01,New Mexico,2088070.0,2088070.0,1138.0,35
2017-01-01,New York,19849399.0,19849399.0,872504.0,36
2017-01-01,North Carolina,10273419.0,10273419.0,19787.0,37
2017-01-01,North Dakota,755393.0,,,38
2017-01-01,Ohio,11658609.0,11658609.0,15943.0,39
2017-01-01,Oklahoma,3930864.0,3930864.0,1283.0,40
2017-01-01,Oregon,4142776.0,4142776.0,678.0,41
2017-01-01,Pennsylvania,12805537.0,12805537.0,127505.0,42
2017-01-01,Rhode Island,1059639.0,1059639.0,52070.0,44
2017-01-01,South Carolina,5024369.0,5024369.0,3275.0,45
2017-01-01,South Dakota,869666.0,,,46
2017-01-01,Tennessee,6715984.0,6715984.0,4240.0,47
2017-01-01,Texas,28304596.0,28304596.0,27648.0,48
2017-01-01,Utah,3101833.0,3101833.0,880.0,49
2017-01-01,Vermont,623657.0,,,50
2017-01-01,Virginia,8470020.0,8470020.0,16419.0,51
2017-01-01,Washington,7405743.0,7405743.0,5544.0,53
2017-01-01,West Virginia,1815857.0,,,54
2017-01-01,Wisconsin,5795483.0,5795483.0,2578.0,55
2017-01-01,Wyoming,579315.0,,,56
2017-01-01,Puerto Rico,3337177.0,3337177.0,55860.0,72
2018-01-01,Maine,1338404.0,,,23
2018-01-01,North Carolina,10383620.0,10383620.0,30172.0,37
2018-01-01,Georgia,10519475.0,10519475.0,22927.0,13
2018-01-01,Alaska,737438.0,,,02
2018-01-01,Alabama,4887871.0,4887871.0,1356.0,01
2018-01-01,Vermont,626299.0,,,50
2018-01-01,Nevada,3034392.0,3034392.0,3754.0,32
2018-01-01,West Virginia,1805832.0,,,54
2018-01-01,Oklahoma,3943079.0,3943079.0,1545.0,40
2018-01-01,Wisconsin,5813568.0,5813568.0,3918.0,55
2018-01-01,Puerto Rico,3195153.0,3195153.0,52604.0,72
2018-01-01,Virginia,8517685.0,8517685.0,16004.0,51
2018-01-01,North Dakota,760077.0,,,38
2018-01-01,South Carolina,5084127.0,5084127.0,5355.0,45
2018-01-01,Oregon,4190713.0,4190713.0,1115.0,41
2018-01-01,Wyoming,577737.0,,,56
2018-01-01,California,39557045.0,39557045.0,19305.0,06
2018-01-01,Mississippi,2986530.0,2986530.0,2173.0,28
2018-01-01,Connecticut,3572665.0,3572665.0,50399.0,09
2018-01-01,Texas,28701845.0,28701845.0,24409.0,48
2018-01-01,Maryland,6042718.0,6042718.0,26503.0,24
2018-01-01,Florida,21299325.0,21299325.0,237844.0,12
2018-01-01,Massachusetts,6902149.0,6902149.0,167333.0,25
2018-01-01,District of Columbia,702455.0,702455.0,5894.0,11
2018-01-01,Utah,3161105.0,3161105.0,3513.0,49
2018-01-01,New York,19542209.0,19542209.0,877519.0,36
2018-01-01,New Jersey,8908520.0,8908520.0,311213.0,34
2018-01-01,Ohio,11689442.0,11689442.0,12092.0,39
2018-01-01,Missouri,6126452.0,6126452.0,1211.0,29
2018-01-01,Pennsylvania,12807060.0,12807060.0,138181.0,42
2018-01-01,Michigan,9995915.0,9995915.0,6602.0,26
2018-01-01,Nebraska,1929268.0,1929268.0,606.0,31
2018-01-01,Idaho,1754208.0,,,16
2018-01-01,New Mexico,2095428.0,2095428.0,425.0,35
2018-01-01,Hawaii,1420491.0,1420491.0,525.0,15
2018-01-01,South Dakota,882235.0,,,46
2018-01-01,Washington,7535591.0,7535591.0,2855.0,53
2018-01-01,Rhode Island,1057315.0,1057315.0,52645.0,44
2018-01-01,Arizona,7171646.0,7171646.0,4583.0,04
2018-01-01,Tennessee,6770010.0,6770010.0,3426.0,47
2018-01-01,Kansas,2911510.0,2911510.0,1110.0,20
2018-01-01,Colorado,5695564.0,5695564.0,3371.0,08
2018-01-01,Indiana,6691878.0,6691878.0,5407.0,18
2018-01-01,Kentucky,4468402.0,4468402.0,1161.0,21
2018-01-01,Louisiana,4659978.0,4659978.0,6828.0,22
2018-01-01,Illinois,12741080.0,12741080.0,7142.0,17
2018-01-01,Iowa,3156145.0,3156145.0,189.0,19
2018-01-01,New Hampshire,1356458.0,1356458.0,9471.0,33
2018-01-01,Arkansas,3013825.0,3013825.0,0.0,05
2018-01-01,Delaware,967171.0,967171.0,4386.0,10
2018-01-01,Minnesota,5611179.0,5611179.0,1604.0,27
2018-01-01,Montana,1062305.0,,,30
2019-01-01,Mississippi,2976149.0,2976149.0,3135.0,28
2019-01-01,Missouri,6137428.0,6137428.0,3028.0,29
2019-01-01,Montana,1068778.0,,,30
2019-01-01,Nebraska,1934408.0,1934408.0,676.0,31
2019-01-01,Nevada,3080156.0,3080156.0,5234.0,32
2019-01-01,New Hampshire,1359711.0,1359711.0,10197.0,33
2019-01-01,New Jersey,8882190.0,8882190.0,343725.0,34
2019-01-01,New Mexico,2096829.0,2096829.0,939.0,35
2019-01-01,New York,19453561.0,19453561.0,842307.0,36
2019-01-01,North Carolina,10488084.0,10488084.0,32880.0,37
2019-01-01,North Dakota,762062.0,,,38
2019-01-01,Ohio,11689100.0,11689100.0,9955.0,39
2019-01-01,Oklahoma,3956971.0,3956971.0,1112.0,40
2019-01-01,Oregon,4217737.0,4217737.0,1473.0,41
2019-01-01,Pennsylvania,12801989.0,12801989.0,133560.0,42
2019-01-01,Rhode Island,1059361.0,1059361.0,55220.0,44
2019-01-01,South Carolina,5148714.0,5148714.0,4988.0,45
2019-01-01,South Dakota,884659.0,,,46
2019-01-01,Tennessee,6829174.0,6829174.0,2919.0,47
2019-01-01,Texas,28995881.0,28995881.0,24427.0,48
2019-01-01,Vermont,623989.0,,,50
2019-01-01,Utah,3205958.0,3205958.0,1645.0,49
2019-01-01,Virginia,8535519.0,8535519.0,18429.0,51
2019-01-01,Washington,7614893.0,7614893.0,2579.0,53
2019-01-01,West Virginia,1792147.0,,,54
2019-01-01,Wisconsin,5822434.0,5822434.0,4419.0,55
2019-01-01,Wyoming,578759.0,,,56
2019-01-01,Puerto Rico,3193694.0,3193694.0,53703.0,72
2019-01-01,Illinois,12671821.0,12671821.0,7999.0,17
2019-01-01,Georgia,10617423.0,10617423.0,28172.0,13
2019-01-01,Idaho,1787065.0,1787065.0,1266.0,16
2019-01-01,Hawaii,1415872.0,1415872.0,1055.0,15
2019-01-01,Indiana,6732219.0,6732219.0,3068.0,18
2019-01-01,Iowa,3155070.0,3155070.0,969.0,19
2019-01-01,Kansas,2913314.0,2913314.0,1858.0,20
2019-01-01,Kentucky,4467673.0,4467673.0,1452.0,21
2019-01-01,Louisiana,4648794.0,4648794.0,6297.0,22
2019-01-01,Maine,1344212.0,1344212.0,661.0,23
2019-01-01,Maryland,6045680.0,6045680.0,22606.0,24
2019-01-01,Massachusetts,6892503.0,6892503.0,157027.0,25
2019-01-01,Michigan,9986857.0,9986857.0,8990.0,26
2019-01-01,Minnesota,5639632.0,5639632.0,2091.0,27
2019-01-01,Connecticut,3565287.0,3565287.0,46228.0,09
2019-01-01,Florida,21477737.0,21477737.0,254148.0,12
2019-01-01,Alabama,4903185.0,4903185.0,2959.0,01
2019-01-01,Alaska,731545.0,,,02
2019-01-01,Arizona,7278717.0,7278717.0,6267.0,04
2019-01-01,Arkansas,3017804.0,3017804.0,563.0,05
2019-01-01,California,39512223.0,39512223.0,16422.0,06
2019-01-01,Colorado,5758736.0,5758736.0,4920.0,08
2019-01-01,Delaware,973764.0,973764.0,2163.0,10
2019-01-01,District of Columbia,705749.0,705749.0,9251.0,11
